group_id,N,concepts,categories
K40a,40,king penguin;cup;American black bear;otter;grocery store;hamper;mixing bowl;crash helmet;wolf spider;gas pump;lawn mower;ringlet;sunglass;flat-coated retriever;chow;African grey;rocking chair;running shoe;English springer;magnetic compass;reflex camera;mountain bike;Norwich terrier;puffer;spiny lobster;CD player;grille;space shuttle;sea cucumber;pencil box;cabbage butterfly;potpie;sports car;shovel;wooden spoon;night snake;breakwater;entertainment center;park bench;puck,imagenet1k-random-bigk
K40b,40,restaurant;cradle;harvestman;spindle;Arctic fox;coho;robin;organ;rifle;English springer;dial telephone;tick;artichoke;wild boar;envelope;king crab;electric ray;trolleybus;giant schnauzer;cab;church;Saint Bernard;shower curtain;lab coat;hornbill;bonnet;menu;spatula;snail;vacuum;water ouzel;totem pole;sea urchin;Blenheim spaniel;ballplayer;tape player;medicine chest;planetarium;cardoon;spaghetti squash,imagenet1k-random-bigk
K40c,40,Scottish deerhound;West Highland white terrier;scuba diver;water ouzel;hermit crab;lawn mower;hand blower;oxygen mask;Border terrier;three-toed sloth;quilt;tree frog;catamaran;bassoon;rock python;balloon;stingray;Pekinese;scale;American black bear;book jacket;sombrero;siamang;Egyptian cat;house finch;toy terrier;strawberry;barn spider;parallel bars;traffic light;home theater;fly;stretcher;hornbill;seat belt;Doberman;panpipe;Windsor tie;tiger shark;breakwater,imagenet1k-random-bigk
K40d,40,television;schooner;frying pan;coral reef;totem pole;Granny Smith;neck brace;Irish terrier;sorrel;strainer;cabbage butterfly;English setter;artichoke;recreational vehicle;dalmatian;sunglass;passenger car;packet;mousetrap;web site;balance beam;Eskimo dog;Gila monster;container ship;golfcart;yellow lady's slipper;teapot;mailbag;sunglasses;bull mastiff;vulture;Egyptian cat;gas pump;mountain tent;Irish setter;chambered nautilus;microphone;toilet seat;Newfoundland;meat loaf,imagenet1k-random-bigk
K40e,40,grocery store;mud turtle;coho;thresher;rule;boxer;breastplate;polecat;bulletproof vest;sarong;fur coat;wallet;hoopskirt;golfcart;American alligator;sorrel;otter;passenger car;mountain tent;dalmatian;shoe shop;black-footed ferret;bell pepper;stage;Arctic fox;crossword puzzle;mashed potato;pickup;Irish water spaniel;box turtle;tub;assault rifle;CD player;paddle;cleaver;running shoe;shovel;wallaby;harvester;pitcher,imagenet1k-random-bigk
K40f,40,mousetrap;shovel;bee;pay-phone;night snake;beer glass;Irish setter;mud turtle;patio;bassoon;sunglass;bookshop;menu;espresso;pajama;liner;kit fox;pizza;stethoscope;puck;ambulance;American alligator;steam locomotive;matchstick;plane;balance beam;spider web;rhinoceros beetle;entertainment center;reel;red fox;library;goose;pelican;gorilla;crutch;carousel;wallet;barn;starfish,imagenet1k-random-bigk
K40g,40,lipstick;water bottle;wild boar;brass;cloak;crane bird;ocarina;red fox;papillon;white stork;rugby ball;gar;minibus;corn;ant;reel;American Staffordshire terrier;red-backed sandpiper;spatula;dumbbell;amphibian;submarine;rocking chair;quail;joystick;gown;Australian terrier;paintbrush;baseball;oil filter;cicada;Eskimo dog;flamingo;schooner;radiator;common newt;white wolf;pencil box;sunglass;rock python,imagenet1k-random-bigk
K40h,40,snowmobile;switch;puck;bassinet;king penguin;Pekinese;racer;African crocodile;miniskirt;Sealyham terrier;gas pump;leatherback turtle;vacuum;hammerhead;Granny Smith;Madagascar cat;ringlet;strainer;chainlink fence;entertainment center;joystick;oil filter;crane bird;potpie;loupe;bookshop;acorn;hen;chambered nautilus;ruffed grouse;killer whale;Irish setter;sandal;butternut squash;Scotch terrier;diamondback;lynx;hognose snake;hair slide;chimpanzee,imagenet1k-random-bigk
K40i,40,weevil;papillon;gondola;West Highland white terrier;beach wagon;cello;mortarboard;spider web;tub;radiator;Rhodesian ridgeback;Scottish deerhound;cockroach;rocking chair;cowboy boot;spotlight;guenon;Labrador retriever;missile;binoculars;Afghan hound;chow;mud turtle;starfish;marimba;crossword puzzle;butternut squash;bassoon;bolete;marmot;cannon;brambling;strawberry;lorikeet;giant schnauzer;wild boar;shower curtain;polecat;bulbul;Gila monster,imagenet1k-random-bigk
K40j,40,binoculars;slug;redbone;loggerhead;church;Kerry blue terrier;chickadee;cab;English foxhound;boxer;cowboy hat;rugby ball;clog;ladybug;strawberry;dhole;puck;valley;suspension bridge;vestment;Newfoundland;cheetah;lycaenid;gar;Chihuahua;buckle;mink;cricket;cellular telephone;odometer;pretzel;sports car;rule;stage;harvestman;miniature schnauzer;projectile;mousetrap;Arctic fox;consomme,imagenet1k-random-bigk
K50a,50,ambulance;mailbag;sarong;Sealyham terrier;crib;barn;standard poodle;rhinoceros beetle;sweatshirt;park bench;iPod;sea anemone;stage;toilet seat;snowmobile;toucan;monastery;knee pad;komondor;cowboy boot;yawl;snail;fly;cassette player;Chihuahua;butternut squash;keeshond;dumbbell;giant schnauzer;prison;grocery store;missile;leatherback turtle;agaric;sleeping bag;chiton;mountain tent;golfcart;envelope;wild boar;fiddler crab;Irish terrier;bull mastiff;custard apple;comic book;wallaby;cheetah;harmonica;African elephant;bassoon,imagenet1k-random-bigk
K50b,50,gown;stretcher;Airedale;umbrella;black-and-tan coonhound;black stork;Norwich terrier;fiddler crab;bakery;hot pot;soap dispenser;mitten;bikini;beer glass;Scotch terrier;West Highland white terrier;yawl;wallaby;acorn squash;combination lock;forklift;racer;electric ray;pretzel;sea cucumber;keeshond;mountain bike;water buffalo;ambulance;basset;grey fox;hay;cornet;rifle;warplane;Scottish deerhound;head cabbage;space heater;Newfoundland;hand blower;snowplow;stove;rock crab;hornbill;knee pad;toaster;Kerry blue terrier;shoe shop;web site;standard poodle,imagenet1k-random-bigk
K50c,50,monitor;carton;lawn mower;impala;swimming trunks;lynx;scuba diver;acorn squash;valley;hand-held computer;dumbbell;soap dispenser;indri;espresso;goldfinch;steel drum;microwave;Doberman;toilet tissue;ringneck snake;ice cream;Norwegian elkhound;vacuum;flat-coated retriever;mantis;toilet seat;traffic light;bassoon;scoreboard;killer whale;otter;fountain pen;sweatshirt;paddle;stingray;Brittany spaniel;knee pad;pool table;sloth bear;pizza;hermit crab;eel;red-backed sandpiper;dingo;Shetland sheepdog;warplane;pot;Norwich terrier;bookshop;space shuttle,imagenet1k-random-bigk
K50d,50,spindle;miniature poodle;barrow;flat-coated retriever;jacamar;running shoe;drake;grocery store;komondor;bearskin;bassinet;miniskirt;minibus;sundial;teddy;theater curtain;obelisk;strainer;wardrobe;grey fox;planetarium;magnetic compass;hen;ant;bee;pizza;leafhopper;lycaenid;Great Pyrenees;street sign;padlock;basenji;airliner;jersey;pirate;ear;tench;EntleBucher;aircraft carrier;Ibizan hound;lynx;soccer ball;boxer;dial telephone;letter opener;slide rule;macaque;gar;sea snake;basset,imagenet1k-random-bigk
K50e,50,overskirt;ruddy turnstone;Brabancon griffon;baseball;punching bag;potter's wheel;hamster;desk;English foxhound;fire screen;bee;window shade;Granny Smith;sleeping bag;oscilloscope;shoji;Great Pyrenees;canoe;bullet train;barrow;rock python;weasel;apron;home theater;crutch;soap dispenser;lipstick;pajama;stretcher;Rhodesian ridgeback;komondor;soccer ball;macaque;Afghan hound;ballpoint;tarantula;ballplayer;cello;letter opener;three-toed sloth;tiger;buckle;bighorn;toilet seat;African crocodile;triumphal arch;snowplow;pelican;Dungeness crab;water buffalo,imagenet1k-random-bigk
K50f,50,affenpinscher;bubble;cockroach;Border terrier;throne;lycaenid;trolleybus;cassette player;chimpanzee;black grouse;barrow;French horn;obelisk;ballplayer;swimming trunks;lab coat;Yorkshire terrier;espresso;puffer;gondola;bookcase;bearskin;Labrador retriever;guinea pig;sandbar;microphone;upright;quilt;gas pump;rock python;sports car;sarong;sax;reflex camera;pajama;tub;Shetland sheepdog;mountain bike;plastic bag;head cabbage;pomegranate;gibbon;Brittany spaniel;minivan;monastery;macaque;Scotch terrier;slide rule;black stork;hotdog,imagenet1k-random-bigk
K50g,50,miniature poodle;pencil sharpener;gondola;dock;sidewinder;otterhound;king penguin;hair slide;cauliflower;toy terrier;web site;goose;electric ray;file;standard schnauzer;Airedale;Petri dish;ladybug;toilet seat;espresso maker;white stork;dome;tripod;tiger;ear;robin;trolleybus;Scotch terrier;kit fox;ballpoint;combination lock;loupe;hyena;miniskirt;pretzel;Appenzeller;umbrella;fly;joystick;yawl;tractor;kelpie;French horn;pizza;ice bear;cassette;wooden spoon;bib;Scottish deerhound;Dungeness crab,imagenet1k-random-bigk
K50h,50,bullet train;planetarium;pizza;wallaby;Ibizan hound;dial telephone;cinema;speedboat;jay;cup;American alligator;robin;submarine;timber wolf;jeep;minibus;sea snake;flamingo;steam locomotive;pickup;bald eagle;mailbag;punching bag;traffic light;ant;cheeseburger;jellyfish;schooner;waffle iron;Norwich terrier;bassinet;llama;quilt;Irish water spaniel;hamper;crate;mosque;grille;nipple;horizontal bar;toilet seat;ladle;butternut squash;steel drum;ladybug;mountain tent;Afghan hound;crane bird;pole;leatherback turtle,imagenet1k-random-bigk
K50i,50,bee eater;beer glass;hornbill;ruffed grouse;bulbul;hair slide;bell pepper;slide rule;dial telephone;fountain;platypus;Kerry blue terrier;tractor;jeep;tiger beetle;restaurant;medicine chest;dragonfly;ram;EntleBucher;goldfinch;sandbar;basset;cornet;chain;hognose snake;packet;Yorkshire terrier;West Highland white terrier;radiator;Irish terrier;prison;stinkhorn;hoopskirt;sweatshirt;sidewinder;barn spider;cassette;neck brace;water jug;common newt;mud turtle;kelpie;spindle;Border collie;desktop computer;grocery store;plunger;toilet tissue;cabbage butterfly,imagenet1k-random-bigk
K50j,50,odometer;laptop;komondor;cellular telephone;racket;schooner;soap dispenser;sock;dhole;Bernese mountain dog;park bench;canoe;ostrich;cinema;hammerhead;patio;coucal;tricycle;teapot;hot pot;crayfish;tobacco shop;cornet;chow;bald eagle;cauliflower;horizontal bar;strainer;cocktail shaker;sorrel;obelisk;Tibetan mastiff;totem pole;cassette player;lotion;kelpie;ram;Labrador retriever;seat belt;sewing machine;toy poodle;frying pan;common iguana;dalmatian;valley;lab coat;mousetrap;vine snake;sandbar;Windsor tie,imagenet1k-random-bigk
